'192425',
'192431',
'192487',
'192561',
'192563',
'192569',
'2500886681',
'2500889978',
'2500890903',
'2500899392',
'2500927151',
'2500936019',
'2500936034',
'2500938262',
'2500938302',
'2500939265',
'2500939273',
'2500939448',
'2500940721',
'2500940867',
'2500942458',
'2500942548',
'2500942737',
'2500943101',
'2500943193',
'2500943501',
'2500943544',
'2500943646',
'2500943681',
'2500943713',
'2500943774',
'2500943892',
'2500944044',
'2500944336',
'2500944353',
'2500944413',
'2500944421',
'2500944507',
'2500944516',
'2500944601',
'2500944765',
'2500944866',
'2500945348',
'2500945460',
'2500945549',
'2500945562',
'2500945597',
'2500945636',
'2500946013',
'2500946051',
'2500946264',
'2500946285',
'2500946382',
'2500946390',
'2500946423',
'2500946447',
'2500946475',
'2500946542',
'2500946566',
'2500946726',
'2500946831',
'2500946860',
'2500946916',
'2500946954',
'2500947041',
'2500947161',
'2500947413',
'2500947579',
'2500947655',
'2500947740',
'2500947806',
'2500948102',
'2500948186',
'3291389779',
'ALP149140',
'ALP149756',
'ALP2217334',
'BOM803006440',
'C203115079',
'C203115181',
'C203115795',
'C203120201',
'C203120378',
'C203120462',
'C203120472',
'C203120489',
'C203120597',
'C203121018',
'C203121034',
'C203121043',
'C203121060',
'C203121076',
'C203121122',
'C203121153',
'CTC151312',
'CTC637504024151951',
'CTC637504024152099',
'CTC637504024152172',
'CTC637504024152180',
'CTC637504024152220',
'CTC637504024152235',
'CTC637504024152376',
'CTC637504024152382',
'CTC637504024152407',
'CTC637504024152438',
'CTC637504024152463',
'CTC637504024152468',
'CTC6375040502617',
'CTC6375040502624',
'CTC6375040502634',
'CTC6375040502636',
'CTC8420292232637',
'CTC8420292233361',
'CTC8420292233362',
'CTC8420292233537',
'CTC8420292233540',
'CTC8420292233551',
'CTC8420292233649',
'CTC8420292233791',
'CTC8420292233932',
'CTC8420292234177',
'DOL8425408805',
'DOL8425597204',
'DOL8425597212',
'DOL8425597216',
'DOL8425704968',
'DOL8426423913',
'DOL8426529190',
'DOL8426536634',
'DOL8426536934',
'DOL8426536935',
'DOL8426536937',
'DOL8426580838',
'DOL8426580843',
'DOL8426580858',
'DOL8426580859',
'DOL8426586361',
'DOL8426586367',
'DOL8426596105',
'DOL8426600831',
'DOL8426600901',
'DOL8426620750',
'DOL8426621096',
'DOL8426621113',
'DOL8426629636',
'DOL8426649660',
'DOL8426649664',
'DOL8426649666',
'DOL8426649673',
'DOL8426649677',
'DOL8426659320',
'DOL8426708322',
'DOL8426710864',
'DOL8426763327',
'DOL8426763471',
'DOL8426774420',
'DOL8426774437',
'DOL8426778776',
'DOL8426831269',
'DOL8426872721',
'DOL8426901010',
'DOL8426901011',
'DOL8426905284',
'DOL8426905424',
'DOL8426905634',
'DOL8426905693',
'DOL8426905827',
'DOL8426905991',
'DOL8426909767',
'DOL8426918975',
'DOL8426918986',
'DOL8426918989',
'DOL8426919090',
'DOL8426932973',
'DOL8426939715',
'DOL8426940388',
'DOL8426940502',
'DOL8426940777',
'DOL8426945571',
'DOL8426945581',
'DOL8426945588',
'DOL8426945646',
'DOL8426945651',
'DOL8426945723',
'DOL8426945744',
'DOL8426945785',
'DOL8426948436',
'DOL8426974780',
'DOL8426974782',
'DOL8426974785',
'DOL8426974787',
'DOL8426974789',
'DOL8426978785',
'DOL8426978787',
'DOL8426978788',
'DOL8426978793',
'DOL8426978795',
'DOL8426978796',
'DOL8426978808',
'DOL8427005653',
'DOL8427005657',
'DOL8427008118',
'DOL8427008582',
'DOL8427008936',
'DOL8427008955',
'DOL8427010031',
'DOL8427010439',
'DOL8427010456',
'DOL8427010649',
'DOL8427010652',
'DOL8427010662',
'DOL8427010666',
'DOL8427010819',
'DOL8427010944',
'DOL8427029265',
'DOL8427032299',
'DOL8427032390',
'DOL8427032395',
'DOL8427032400',
'DOL8427032405',
'DOL8427032410',
'DOL8427032412',
'DOL8427032416',
'DOL8427032418',
'DOL8427032419',
'DOL8427032542',
'DOL8427032558',
'DOL8427032690',
'DOL8427032698',
'DOL8427032702',
'DOL8427032750',
'DOL8427041002',
'DOL8427041007',
'DOL8427041010',
'DOL8427041134',
'DOL8427041378',
'DOL8427041381',
'DOL8427041453',
'DOL8427041473',
'DOL8427041477',
'DOL8427047570',
'DOL8427047589',
'DOL8427047622',
'DOL8427050189',
'DOL8427050192',
'DOL8427050195',
'DOL8427050198',
'DOL8427094876',
'DOL8427106542',
'DOL8427106543',
'DOL8427114906',
'DOL8427114909',
'DOL8427114910',
'DOL8427114919',
'DOL8427115475',
'DOL8427115646',
'DOL8427116039',
'DOL8427116048',
'DOL8427116306',
'DOL8427116317',
'DOL8427116323',
'DOL8427116880',
'DOL8427116889',
'DOL8427117298',
'DOL8427117304',
'DOL8427117715',
'DOL8427117739',
'DOL8427134288',
'DOL8427158782',
'DOL8427158788',
'DOL8427158802',
'DOL8427158809',
'DOL8427158990',
'DOL8427158992',
'DOL8427158994',
'DOL8427158997',
'DOL8427159001',
'DOL8427159008',
'DOL8427159150',
'DOL8427159305',
'DOL8427159306',
'DOL8427159316',
'DOL8427159443',
'DOL8427159451',
'DOL8427159453',
'DOL8427159454',
'DOL8427159464',
'DOL8427161417',
'DOL8427176821',
'DOL8427176828',
'DOL8427177215',
'DOL8427177221',
'DOL8427177222',
'DOL8427177531',
'DOL8427177532',
'DOL8427177538',
'DOL8427177546',
'DOL8427177548',
'DOL8427177860',
'DOL8427177861',
'DOL8427177864',
'DOL8427177871',
'DOL8427177878',
'DOL8427178283',
'DOL8427178284',
'DOL8427178288',
'DOL8427178297',
'DOL8427178493',
'DOL8427178514',
'DOL8427178516',
'DOL8427178719',
'DOL8427178923',
'DOL8427178925',
'DOL8427192680',
'DOL8427192688',
'DOL8427192698',
'DOL8427192854',
'DOL8427192856',
'DOL8427192956',
'DOL8427192963',
'DOL8427192970',
'DOL8427192971',
'DOL8427193131',
'DOL8427198269',
'DOL8427198271',
'DOL8427198279',
'DOL8427198412',
'DOL8427198421',
'DOL8427203276',
'DOL8427241446',
'DOL8427241451',
'DOL8427241456',
'DOL8427241457',
'DOL8427267429',
'DOL8427267438',
'DOL8427267755',
'DOL8427268064',
'DOL8427268067',
'DOL8427268558',
'DOL8427268573',
'DOL8427269471',
'DOL8427269541',
'DOL8427269544',
'DOL8427269920',
'DOL8427270270',
'DOL8427270524',
'DOL8427270636',
'DOL8427279818',
'DOL8427282019',
'DOL8427288470',
'DOL8427288477',
'DOL8427288496',
'DOL8427288525',
'DOL8427288656',
'DOL8427288660',
'DOL8427288662',
'DOL8427296558',
'DOL8427296561',
'DOL8427296563',
'DOL8427296630',
'DOL8427296634',
'DOL8427296635',
'DOL8427296636',
'DOL8427296638',
'DOL8427296679',
'DOL8427296682',
'DOL8427296687',
'DOL8427296761',
'DOL8427296764',
'DOL8427296828',
'DOL8427296832',
'DOL8427296834',
'DOL8427296877',
'DOL8427296881',
'DOL8427296893',
'DOL8427296898',
'DOL8427296934',
'DOL8427296937',
'DOL8427296945',
'DOL8427296960',
'DOL8427296973',
'DOL8427296985',
'DOL8427296997',
'DOL8427297002',
'DOL8427302631',
'DOL8427302633',
'DOL8427302635',
'DOL8427302637',
'DOL8427302641',
'DOL8427302650',
'DOL8427302659',
'DOL8427302694',
'DOL8427302704',
'DOL8427302705',
'DOL8427302707',
'DOL8427302711',
'DOL8427302716',
'DOL8427302720',
'DOL8427302721',
'DOL8427302724',
'DOL8427302732',
'DOL8427302733',
'DOL8427302736',
'DOL8427302745',
'DOL8427302840',
'DOL8427302841',
'DOL8427302843',
'DOL8427302845',
'DOL8427302846',
'DOL8427302849',
'DOL8427302852',
'DOL8427302861',
'DOL8427302903',
'DOL8427302907',
'DOL8427302909',
'DOL8427302912',
'DOL8427302917',
'DOL8427302920',
'DOL8427302925',
'DOL8427302927',
'DOL8427302935',
'DOL8427302944',
'DOL8427302946',
'DOL8427302948',
'DOL8427302953',
'DOL8427302954',
'DOL8427302960',
'DOL8427302963',
'DOL8427302967',
'DOL8427302968',
'DOL8427302969',
'DOL8427302970',
'DOL8427302981',
'DOL8427302989',
'DOL8427303033',
'DOL8427303037',
'DOL8427303044',
'DOL8427303083',
'DOL8427303090',
'DOL8427303096',
'DOL8427303099',
'DOL8427303101',
'DOL8427303104',
'DOL8427305420',
'DOL8427305425',
'DOL8427305436',
'DOL8427305437',
'DOL8427305438',
'DOL8427305600',
'DOL8427305601',
'DOL8427305612',
'DOL8427305618',
'DOL8427305626',
'DOL8427305691',
'DOL8427305696',
'DOL8427305700',
'DOL8427305708',
'DOL8427305712',
'DOL8427305713',
'DOL8427305714',
'DOL8427305715',
'DOL8427305840',
'DOL8427305846',
'DOL8427305849',
'DOL8427305855',
'DOL8427305857',
'DOL8427305864',
'DOL8427305865',
'DOL8427305867',
'DOL8427305930',
'DOL8427305938',
'DOL8427305949',
'DOL8427305953',
'DOL8427305957',
'DOL8427309744',
'DOL8427309746',
'DOL8427309753',
'DOL8427309757',
'DOL8427309759',
'DOL8427309765',
'DOL8427309767',
'DOL8427309768',
'DOL8427309920',
'DOL8427326572',
'DOL8427326580',
'DOL8427326593',
'DOL8427344949',
'DOL8427344952',
'DOL8427344957',
'DOL8427378082',
'DOL8427378083',
'DOL8427378091',
'DOL8427378095',
'DOL8427378108',
'DOL8427378109',
'DOL8427378296',
'DOL8427378299',
'DOL8427378306',
'DOL8427378308',
'DOL8427378314',
'DOL8427378315',
'DOL8427378318',
'DOL8427378440',
'DOL8427378446',
'DOL8427378466',
'DOL8427378531',
'DOL8427378542',
'DOL8427378555',
'DOL8427378831',
'DOL8427378841',
'DOL8427378850',
'DOL8427378852',
'DOL8427378855',
'DOL8427378858',
'DOL8427379199',
'DOL8427379207',
'DOL8427379212',
'DOL8427379217',
'DOL8427379495',
'DOL8427379498',
'DOL8427379499',
'DOL8427379502',
'DOL8427379508',
'DOL8427379515',
'DOL8427379670',
'DOL8427379671',
'DOL8427379675',
'DOL8427379676',
'DOL8427379678',
'DOL8427379680',
'DOL8427379684',
'DOL8427379691',
'DOL8427379698',
'DOL8427379791',
'DOL8427379794',
'DOL8427379795',
'DOL8427379796',
'DOL8427379798',
'DOL8427379803',
'DOL8427379808',
'DOL8427379812',
'DOL8427379816',
'DOL8427379910',
'DOL8427379916',
'DOL8427379920',
'DOL8427379921',
'DOL8427379925',
'DOL8427379926',
'DOL8427379928',
'DOL8427379930',
'DOL8427380033',
'DOL8427380042',
'DOL8427380043',
'DOL8427380045',
'DOL8427380046',
'DOL8427380053',
'DOL8427380158',
'DOL8427380159',
'DOL8427380161',
'DOL8427380168',
'DOL8427380169',
'DOL8427380174',
'DOL8427380176',
'DOL8427380177',
'DOL8427380300',
'DOL8427380313',
'DOL8427380317',
'DOL8427380319',
'DOL8427380424',
'DOL8427380428',
'DOL8427380436',
'DOL8427380442',
'DOL8427380445',
'DOL8427380515',
'DOL8427380516',
'DOL8427380521',
'DOL8427380537',
'DOL8427380664',
'DOL8427380676',
'DOL8427380681',
'DOL8427380780',
'DOL8427380784',
'DOL8427380786',
'DOL8427380790',
'DOL8427380793',
'DOL8427380794',
'DOL8427380806',
'DOL8427380912',
'DOL8427380913',
'DOL8427380914',
'DOL8427380920',
'DOL8427380929',
'DOL8427380960',
'DOL8427380961',
'DOL8427380967',
'DOL8427380974',
'DOL8427380978',
'DOL8427380986',
'DOL8427381081',
'DOL8427381087',
'DOL8427381089',
'DOL8427381090',
'DOL8427381100',
'DOL8427381105',
'DOL8427381108',
'DOL8427381173',
'DOL8427381189',
'DOL8427381192',
'DOL8427381230',
'DOL8427381236',
'DOL8427381242',
'DOL8427381247',
'DOL8427381256',
'DOL8427381257',
'DOL8427381292',
'DOL8427382065',
'DOL8427382067',
'DOL8427397280',
'DOL8427397282',
'DOL8427397287',
'DOL8427397291',
'DOL8427408322',
'DOL8427408326',
'DOL8427408327',
'DOL8427408331',
'DOL8427408332',
'DOL8427408342',
'DOL8427408345',
'DOL8427408412',
'DOL8427408413',
'DOL8427408471',
'DOL8427408473',
'DOL8427408486',
'DOL8427408490',
'DOL8427408688',
'DOL8427408808',
'DOL8427408811',
'DOL8427408822',
'DOL8427408827',
'DOL8427408828',
'DOL8427408990',
'DOL8427408994',
'DOL8427408995',
'DOL8427409005',
'DOL8427409101',
'DOL8427409106',
'DOL8427409110',
'DOL8427409128',
'DOL8427409221',
'DOL8427409227',
'DOL8427409234',
'DOL8427409245',
'DOL8427409280',
'DOL8427409282',
'DOL8427409285',
'DOL8427409294',
'DOL8427409296',
'DOL8427415979',
'DOL8427415986',
'DOL8427415990',
'DOL8427415993',
'DOL8427415999',
'DOL8427416091',
'DOL8427416097',
'DOL8427416098',
'DOL8427416101',
'DOL8427416104',
'DOL8427416105',
'DOL8427416108',
'DOL8427416111',
'DOL8427416113',
'DOL8427416117',
'DOL8427416118',
'DOL8427416212',
'DOL8427416214',
'DOL8427416218',
'DOL8427416220',
'DOL8427416227',
'DOL8427416235',
'DOL8427416237',
'DOL8427416273',
'DOL8427416284',
'DOL8427416296',
'DOL8427416297',
'DOL8427416311',
'DOL8427416312',
'DOL8427416314',
'DOL8427416316',
'DOL8427416318',
'DOL8427416326',
'DOL8427416378',
'DOL8427416453',
'DOL8427416455',
'DOL8427416459',
'DOL8427416466',
'DOL8427416469',
'DOL8427416474',
'DOL8427416519',
'DOL8427416523',
'DOL8427416582',
'DOL8427416586',
'DOL8427416589',
'DOL8427416590',
'DOL8427416591',
'DOL8427416592',
'DOL8427416597',
'DOL8427416598',
'DOL8427416649',
'DOL8427416658',
'DOL8427416843',
'DOL8427416844',
'DOL8427416845',
'DOL8427416849',
'DOL8427416854',
'DOL8427416859',
'DOL8427416863',
'DOL8427416865',
'DOL8427422502',
'DOL8427422503',
'DOL8427422509',
'DOL8427422612',
'DOL8427422618',
'DOL8427422637',
'DOL8427422650',
'DOL8427422720',
'DOL8427422736',
'DOL8427422753',
'DOL8427422759',
'DOL8427425327',
'DOLCAJABIENVOCT22B12',
'DOLCAJABIENVOCT22B6',
'DOLDOL8426874041E2',
'EPKEP005594740N',
'EPKEP005659879N',
'EPKEP005665022N',
'EPKEP005668414N',
'EPKEP005669450N',
'EPKEP005671654N',
'EPKEP005671798N',
'EPKEP005672824N',
'EPKEP005673502N',
'EPKEP005676077N',
'EPKEP005679677N',
'EPKEP005680490N',
'EPKEP005684038N',
'EPKEP005684839N',
'EPKEP005689528N',
'EPKEP005692259N',
'EPKEP005692407N',
'EPKEP005693784N',
'EPKEP005693956N',
'EPKEP005694297N',
'EPKEP005697057N',
'EPKEP005697502N',
'EPKEP005698660N',
'EPKEP005699861N',
'EPKEP005702050N',
'EPKEP005702103N',
'EPKEP005702651N',
'EPKEP005703105N',
'EPKEP005704478N',
'EPKEP005705741N',
'EPKEP005706070N',
'EPKEP005706080N',
'EPKEP005706081N',
'EPKEP005706082N',
'EPKEP005706091N',
'EPKEP005706110N',
'EPKEP005706115N',
'EPKEP005706445N',
'EPKEP005706508N',
'EPKEP005707651N',
'EPKEP005708803N',
'EPKEP005708999N',
'EPKEP005709028N',
'EPKEP005709212N',
'EPKEP005709213N',
'EPKEP005709214N',
'EPKEP005709215N',
'EPKEP005709219N',
'EPKEP005709294N',
'EPKEP005709469N',
'EPKEP005709577N',
'EPKEP005709579N',
'EPKEP005709660N',
'EPKEP005710039N',
'EPKEP005710043N',
'EPKEP005710044N',
'EPKEP005710046N',
'EPKEP005710050N',
'EPKEP005710052N',
'EPKEP005710056N',
'EPKEP005710159N',
'EPKEP005710179N',
'EPKEP005710224N',
'EPKEP005710232N',
'EPKEP005710233N',
'EPKEP005710455N',
'EPKEP005710480N',
'EPKEP005710536N',
'EPKEP005710663N',
'EPKEP005710672N',
'EPKEP005710680N',
'EPKEP005710732N',
'EPKEP005710738N',
'EPKEP005710789N',
'EPKEP005710793N',
'EPKEP005710902N',
'EPKEP005710994N',
'EPKEP005711051N',
'EPKEP005711109N',
'EPKEP005711131N',
'EPKEP005711134N',
'EPKEP005711183N',
'EPKEP005711421N',
'EPKEP005711679N',
'EPKEP005711835N',
'EPKEP005711987N',
'EPKEP005712104N',
'EPKEP005712201N',
'EPKEP005712276N',
'EPKEP005712315N',
'EPKEP005712407N',
'EPKEP005712452N',
'EPKEP005712606N',
'EPKEP005712635N',
'EPKEP005712694N',
'EPKEP005712695N',
'EPKEP005713118N',
'EPKEP005713120N',
'EPKEP005713162N',
'EPKEP005714032N',
'EPKEPKEP005694198NE2',
'GRX202200001013',
'GRX808432666',
'HERC203103117',
'INS126698087588401',
'INS126732087627201',
'INS126956087983101',
'INS126980088015101',
'INS127006088053701',
'INS127010088063101',
'INS127021088070901',
'INS127021088071101',
'INS127021088071501',
'INS127022088071901',
'INS127022088072901',
'INS127024088077301',
'INS127025088078301',
'INS127027088081701',
'INS127028088082501',
'INS127029088082701',
'INS127031088084901',
'INS127031088085901',
'INS127032088087301',
'INS127034088089501',
'INS127034088090501',
'INS127035088091501',
'MAC191589',
'MIA2500936788',
'MIA2500940978',
'MIA2500941955',
'NES50443477',
'NES50457037',
'NES50515557',
'NES50518957',
'NES50519903',
'NES50520396',
'NES50529631',
'NES50531374',
'NES50533894',
'NES50541139',
'NES50541493',
'NES50550668',
'NES50550956',
'NES50551941',
'NES50553076',
'NES50554095',
'NES50557902',
'NES50559064',
'NES50563228',
'NES50563275',
'NES50563959',
'NES50564395',
'NES50570251',
'NES50571287',
'NES50571291',
'NES50571292',
'NES50571363',
'NES50571501',
'NES50571571',
'NES50571573',
'NES50571574',
'NES50571575',
'NES50571736',
'NES50571926',
'NES50571936',
'NES50571937',
'NES50572042',
'NES50572208',
'NES50572466',
'NES50572750',
'NES50572751',
'NES50572868',
'NES50573331',
'NES50573333',
'NES50573334',
'NES50573533',
'NES50573782',
'NES50573880',
'NES50573881',
'NES50573946',
'NES50573947',
'NES50573948',
'NES50573950',
'NES50573951',
'NES50574311',
'NES50574441',
'NES50574507',
'NES50574509',
'NES50574574',
'NES50574576',
'NES50574577',
'NES50574633',
'NES50574743',
'NES50574805',
'NES50574829',
'NES50574868',
'NES50574975',
'NES50574976',
'NES50574977',
'NES50574978',
'NES50574979',
'NES50574982',
'NES50575022',
'NES50575113',
'NES50575191',
'NES50575240',
'NES50575241',
'NES50575243',
'NES50575245',
'NES50575246',
'NES50575275',
'NES50575276',
'NES50575277',
'NES50575278',
'NES50575349',
'NES50575354',
'NES50575469',
'NES50575471',
'NES50575524',
'NES50575525',
'NES50575526',
'NES50575528',
'NES50575529',
'NES50575628',
'NES50575633',
'NES50575649',
'NES50575660',
'NES50575693',
'NES50575695',
'NES50575746',
'NES50575786',
'NES50575846',
'NES50575847',
'NES50575849',
'NES50575969',
'NES50575973',
'NES50575974',
'NES50575975',
'NES50575977',
'NES50575978',
'NES50576352',
'NES50576354',
'NES50578733',
'NES50579199',
'NES50579207',
'NES50579208',
'NES50579210',
'NES50579224',
'NES50579478',
'NES50579480',
'NES50579488',
'NES50579491',
'NES50579492',
'NES50579496',
'NES50579504',
'NES50579514',
'NES50579785',
'NES50579786',
'NES50579791',
'NES50579796',
'NES50579800',
'NES50579801',
'NES50579803',
'NES50579805',
'NES50579806',
'NES50579867',
'NES50579880',
'NES50580035',
'NES50580036',
'NES50580041',
'NES50580042',
'NES50580044',
'NES50580070',
'NES50580218',
'NES50580305',
'NES50580361',
'NES50580366',
'NES50580376',
'NES50580377',
'NES50580378',
'NES50580379',
'NES50580380',
'NES50580382',
'NES50580385',
'NES50580389',
'NES50580392',
'NES50580541',
'NES50580542',
'NES50580545',
'NES50580622',
'NES50580788',
'NES50580823',
'NES50580826',
'NES50580829',
'NES50580833',
'NES50580834',
'NES50580837',
'NES50580995',
'NES50581095',
'NES50581107',
'NES50581108',
'NES50581113',
'NES50581114',
'NES50581115',
'NES50581178',
'NES50581327',
'NES50581354',
'NES50581358',
'NES50581359',
'NES50581360',
'NES50581457',
'NES50581662',
'NES50581667',
'NES50581684',
'NES50581698',
'NES50581718',
'NES50581774',
'NES50581929',
'NES50581987',
'NES50581993',
'NES50581996',
'NES50581998',
'NES50582009',
'NES50582303',
'NES50582304',
'NES50582448',
'NES50582449',
'NES50582450',
'NES50582454',
'NES50582456',
'NES50582647',
'NES50582719',
'NES50582777',
'NES50582779',
'NES50582782',
'NES50582784',
'NES50582806',
'NES50582961',
'NES50582962',
'NES50583310',
'NES50583366',
'NES50583400',
'NES50583402',
'NES50583404',
'NES50583405',
'NES50583406',
'NES50583408',
'NES50583409',
'NES50583608',
'NES50583675',
'NES50583686',
'NES50583758',
'NES50583777',
'NES50583840',
'NES50583870',
'NES50584153',
'NES50584156',
'NES50584162',
'NES50584166',
'NES50584317',
'NES50584319',
'NES50584705',
'NES50584717',
'NES50584752',
'NES50584874',
'NES50584911',
'NES50584945',
'NES50584946',
'NES50584947',
'NES50585071',
'NES50585149',
'NES50585296',
'NES50585300',
'NES50585302',
'NES50585304',
'NES50585692',
'NES50586093',
'NES50586095',
'NES50586096',
'NES50586100',
'NES50586101',
'NES50586102',
'NES50586123',
'NES50586137',
'NES50586510',
'NES50586511',
'NES50586512',
'NES50586514',
'NES50586516',
'NES50586517',
'NES50586519',
'NES50586752',
'NES50586909',
'NES50586921',
'NES50587253',
'NES50587262',
'NES50587265',
'NES50587536',
'NES50587538',
'NES50587541',
'NES50587542',
'NES50587853',
'NES50587989',
'NES50587990',
'NES50587991',
'NES50587997',
'NES50588305',
'NES50588308',
'NES50588431',
'NES50588644',
'NES50588646',
'NES50588648',
'NES50588649',
'NES50588975',
'NES50588977',
'NES50588979',
'NES50588981',
'NOR2100167089',
'NOREX9100',
'NOREX9101',
'NOREX9102',
'NOREX9103',
'NOREX9104',
'NOREX9106',
'NOREX9107',
'NOREX9108',
'OST126743051523101',
'OST126747051538701',
'OST126879051613901',
'OST126906051629101',
'OST126914051635501',
'OST127003051679701',
'OST127009051682701',
'PSAPRS184085801',
'PSAPRS184096001',
'PUR8427034029',
'QYB4220',
'SGL126930052291201',
'SGL127024052319101',
'SGL127025052320201',
'SGL127027052320401',
'SGL127027052320601',
'SGL127030052322301',
'SGL127032052322801',
'SGL127033052324001',
'SGL127044052326101',
'SGL127047052329601',
'SGL127047052329801',
'UNI0EA1559C7',
'UNI1CE70B8F0',
'UNI1D115A16B',
'UNI1FB76E7C1',
'UNI3442C836B',
'UNI3596A4342',
'UNI392ED210C',
'UNI39B2BB76C',
'UNI435B25781',
'UNI556B92777',
'UNI574E736E8',
'UNI5AE4FF018',
'UNI5B11B929A',
'UNI666B553DA',
'UNI6EEE4BBB0',
'UNI8273F9254',
'UNI920E61EFF',
'UNI95761FD66',
'UNI993A710ED',
'UNIA5DC3DF96',
'UNIA958E7CA1',
'UNIAD96CC027',
'UNIAF46217FA',
'UNIBAA9C8832',
'UNIBACA0DA38',
'UNIBDB05441F',
'UNIC4B0F8B64',
'UNIC77C6E84D',
'UNIC8A7FD9DA',
'UNICB12E74DD',
'UNID3807516C',
'UNID7BC4B5C1',
'UNIDCA33BC39',
'UNIE00DBFBF7',
'UNIE7D0638BC',
'ZIP720356',
'ZIP721640',
'ZIP721661',
'ZIP722142',